NinjaScript File,Error,Code,Line,Column,
DataEngine.cs,'NinjaTrader.NinjaScript.AddOns.Core.ClockEt' does not contain a definition for 'ToEt',CS0117,119,79,
Journal.cs,'NinjaTrader.NinjaScript.AddOns.Core.ClockEt' does not contain a definition for 'HM',CS0117,22,91,
NinjaAddOnTPO.cs,A local variable named 'd' cannot be declared in this scope because it would give a different meaning to 'd' which is already used in a 'parent or current' scope to denote something else,CS0136,62,29,
NinjaAddOnTPO.cs,A local variable named 'd' cannot be declared in this scope because it would give a different meaning to 'd' which is already used in a 'parent or current' scope to denote something else,CS0136,63,48,
NinjaAddOnTPO.cs,'NinjaTrader.Gui.Tools.NTWindow' does not contain a definition for 'MainWindow',CS0117,64,89,
NinjaAddOnTPO.cs,'NinjaTrader.Gui.Tools.NTWindow' does not contain a definition for 'MainWindow',CS0117,65,53,
NinjaAddOnTPO.cs,'NinjaTrader.Gui.Tools.NTWindow' does not contain a definition for 'MainWindow',CS0117,65,98,
NinjaAddOnTPO.cs,A local variable named 'd' cannot be declared in this scope because it would give a different meaning to 'd' which is already used in a 'parent or current' scope to denote something else,CS0136,66,12,
NinjaAddOnTPO.cs,'NinjaTrader.Gui.Tools.NTWindow' does not contain a definition for 'MainWindow',CS0117,67,89,
NinjaAddOnTPO.cs,'NinjaTrader.Gui.Tools.NTWindow' does not contain a definition for 'MainWindow',CS0117,68,53,
NinjaAddOnTPO.cs,'NinjaTrader.Gui.Tools.NTWindow' does not contain a definition for 'MainWindow',CS0117,68,98,
NinjaAddOnTPO.cs,'NinjaTrader.Gui.Tools.NTWindow' does not contain a definition for 'MainWindow',CS0117,69,45,
NinjaAddOnTPO.cs,A local variable named 'd' cannot be declared in this scope because it would give a different meaning to 'd' which is already used in a 'parent or current' scope to denote something else,CS0136,75,25,
NinjaAddOnTPO.cs,A local variable named 'd' cannot be declared in this scope because it would give a different meaning to 'd' which is already used in a 'parent or current' scope to denote something else,CS0136,76,48,
NinjaAddOnTPO.cs,'NinjaTrader.Gui.Tools.NTWindow' does not contain a definition for 'MainWindow',CS0117,77,89,
NinjaAddOnTPO.cs,'NinjaTrader.Gui.Tools.NTWindow' does not contain a definition for 'MainWindow',CS0117,78,53,
NinjaAddOnTPO.cs,'NinjaTrader.Gui.Tools.NTWindow' does not contain a definition for 'MainWindow',CS0117,78,98,
NinjaAddOnTPO.cs,A local variable named 'd' cannot be declared in this scope because it would give a different meaning to 'd' which is already used in a 'parent or current' scope to denote something else,CS0136,79,12,
NinjaAddOnTPO.cs,'NinjaTrader.Gui.Tools.NTWindow' does not contain a definition for 'MainWindow',CS0117,80,89,
NinjaAddOnTPO.cs,'NinjaTrader.Gui.Tools.NTWindow' does not contain a definition for 'MainWindow',CS0117,81,53,
NinjaAddOnTPO.cs,'NinjaTrader.Gui.Tools.NTWindow' does not contain a definition for 'MainWindow',CS0117,81,98,
NinjaAddOnTPO.cs,'NinjaTrader.Gui.Tools.NTWindow' does not contain a definition for 'MainWindow',CS0117,82,41,
NinjaAddOnTPO.cs,) expected,CS1026,135,32,
NinjaAddOnTPO.cs,; expected,CS1002,135,45,
NinjaAddOnTPO.cs,; expected,CS1002,135,48,
NinjaAddOnTPO.cs,; expected,CS1002,135,58,
NinjaAddOnTPO.cs,; expected,CS1002,135,61,
NinjaAddOnTPO.cs,; expected,CS1002,135,65,
NinjaAddOnTPO.cs,; expected,CS1002,135,68,
NinjaAddOnTPO.cs,; expected,CS1002,135,71,
NinjaAddOnTPO.cs,; expected,CS1002,135,73,
NinjaAddOnTPO.cs,Invalid expression term ')',CS1525,135,73,
NinjaAddOnTPO.cs,) expected,CS1026,136,32,
NinjaAddOnTPO.cs,; expected,CS1002,136,38,
NinjaAddOnTPO.cs,; expected,CS1002,136,41,
NinjaAddOnTPO.cs,; expected,CS1002,136,67,
NinjaAddOnTPO.cs,; expected,CS1002,136,80,
NinjaAddOnTPO.cs,Invalid expression term ':',CS1525,136,80,
NinjaAddOnTPO.cs,; expected,CS1002,136,81,
NinjaAddOnTPO.cs,; expected,CS1002,136,86,
NinjaAddOnTPO.cs,; expected,CS1002,136,87,
NinjaAddOnTPO.cs,; expected,CS1002,136,99,
NinjaAddOnTPO.cs,; expected,CS1002,136,101,
NinjaAddOnTPO.cs,Invalid expression term ')',CS1525,136,101,
NinjaAddOnTPO.cs,) expected,CS1026,137,32,
NinjaAddOnTPO.cs,; expected,CS1002,137,37,
NinjaAddOnTPO.cs,; expected,CS1002,137,40,
NinjaAddOnTPO.cs,; expected,CS1002,137,65,
NinjaAddOnTPO.cs,; expected,CS1002,137,78,
NinjaAddOnTPO.cs,Invalid expression term ':',CS1525,137,78,
NinjaAddOnTPO.cs,; expected,CS1002,137,79,
NinjaAddOnTPO.cs,; expected,CS1002,137,84,
NinjaAddOnTPO.cs,; expected,CS1002,137,96,
NinjaAddOnTPO.cs,; expected,CS1002,137,98,
NinjaAddOnTPO.cs,Invalid expression term ')',CS1525,137,98,
NinjaAddOnTPO.cs,) expected,CS1026,138,32,
NinjaAddOnTPO.cs,; expected,CS1002,138,41,
NinjaAddOnTPO.cs,; expected,CS1002,138,44,
NinjaAddOnTPO.cs,; expected,CS1002,138,75,
NinjaAddOnTPO.cs,; expected,CS1002,138,77,
NinjaAddOnTPO.cs,Invalid expression term ')',CS1525,138,77,
NinjaAddOnTPO.cs,) expected,CS1026,139,32,
NinjaAddOnTPO.cs,; expected,CS1002,139,42,
NinjaAddOnTPO.cs,; expected,CS1002,139,46,
NinjaAddOnTPO.cs,; expected,CS1002,139,52,
NinjaAddOnTPO.cs,; expected,CS1002,139,55,
NinjaAddOnTPO.cs,; expected,CS1002,139,83,
NinjaAddOnTPO.cs,; expected,CS1002,139,86,
NinjaAddOnTPO.cs,; expected,CS1002,139,94,
NinjaAddOnTPO.cs,; expected,CS1002,139,97,
NinjaAddOnTPO.cs,; expected,CS1002,139,127,
NinjaAddOnTPO.cs,; expected,CS1002,139,130,
NinjaAddOnTPO.cs,Invalid expression term ')',CS1525,139,130,
NinjaAddOnTPO.cs,) expected,CS1026,140,32,
NinjaAddOnTPO.cs,; expected,CS1002,140,35,
NinjaAddOnTPO.cs,; expected,CS1002,140,39,
NinjaAddOnTPO.cs,; expected,CS1002,140,40,
NinjaAddOnTPO.cs,; expected,CS1002,140,43,
NinjaAddOnTPO.cs,Invalid expression term ')',CS1525,140,43,
NinjaAddOnTPO.cs,) expected,CS1026,140,81,
NinjaAddOnTPO.cs,; expected,CS1002,140,82,
NinjaAddOnTPO.cs,; expected,CS1002,140,85,
NinjaAddOnTPO.cs,Invalid expression term ')',CS1525,140,85,
NinjaAddOnTPO.cs,) expected,CS1026,140,123,
NinjaAddOnTPO.cs,; expected,CS1002,140,124,
NinjaAddOnTPO.cs,; expected,CS1002,140,127,
NinjaAddOnTPO.cs,Invalid expression term ')',CS1525,140,127,
NinjaAddOnTPO.cs,) expected,CS1026,140,165,
NinjaAddOnTPO.cs,; expected,CS1002,140,166,
NinjaAddOnTPO.cs,; expected,CS1002,140,169,
NinjaAddOnTPO.cs,Invalid expression term ')',CS1525,140,169,
NinjaAddOnTPO.cs,) expected,CS1026,141,32,
NinjaAddOnTPO.cs,; expected,CS1002,141,39,
NinjaAddOnTPO.cs,; expected,CS1002,141,43,
NinjaAddOnTPO.cs,; expected,CS1002,141,51,
NinjaAddOnTPO.cs,; expected,CS1002,141,54,
NinjaAddOnTPO.cs,; expected,CS1002,141,57,
NinjaAddOnTPO.cs,; expected,CS1002,141,60,
NinjaAddOnTPO.cs,; expected,CS1002,141,72,
NinjaAddOnTPO.cs,; expected,CS1002,141,75,
NinjaAddOnTPO.cs,Invalid expression term ')',CS1525,141,75,
NinjaAddOnTPO.cs,) expected,CS1026,141,113,
NinjaAddOnTPO.cs,; expected,CS1002,141,116,
NinjaAddOnTPO.cs,; expected,CS1002,141,120,
NinjaAddOnTPO.cs,; expected,CS1002,141,123,
NinjaAddOnTPO.cs,; expected,CS1002,141,126,
NinjaAddOnTPO.cs,; expected,CS1002,141,159,
NinjaAddOnTPO.cs,; expected,CS1002,141,162,
NinjaAddOnTPO.cs,; expected,CS1002,141,167,
NinjaAddOnTPO.cs,; expected,CS1002,141,170,
NinjaAddOnTPO.cs,Invalid expression term ')',CS1525,141,170,
NinjaAddOnTPO.cs,) expected,CS1026,141,210,
NinjaAddOnTPO.cs,; expected,CS1002,141,217,
NinjaAddOnTPO.cs,; expected,CS1002,141,221,
NinjaAddOnTPO.cs,; expected,CS1002,141,229,
NinjaAddOnTPO.cs,; expected,CS1002,141,232,
NinjaAddOnTPO.cs,; expected,CS1002,141,270,
NinjaAddOnTPO.cs,; expected,CS1002,141,273,
NinjaAddOnTPO.cs,; expected,CS1002,141,277,
NinjaAddOnTPO.cs,; expected,CS1002,141,280,
NinjaAddOnTPO.cs,; expected,CS1002,141,314,
NinjaAddOnTPO.cs,; expected,CS1002,141,318,
NinjaAddOnTPO.cs,Invalid expression term ')',CS1525,141,318,
NinjaAddOnTPO.cs,) expected,CS1026,142,32,
NinjaAddOnTPO.cs,; expected,CS1002,142,34,
NinjaAddOnTPO.cs,; expected,CS1002,142,38,
NinjaAddOnTPO.cs,; expected,CS1002,142,42,
NinjaAddOnTPO.cs,; expected,CS1002,142,45,
NinjaAddOnTPO.cs,Invalid expression term ')',CS1525,142,45,
NinjaAddOnTPO.cs,) expected,CS1026,142,117,
NinjaAddOnTPO.cs,; expected,CS1002,142,120,
NinjaAddOnTPO.cs,; expected,CS1002,142,123,
NinjaAddOnTPO.cs,Invalid expression term ')',CS1525,142,123,
NinjaAddOnTPO.cs,) expected,CS1026,142,193,
NinjaAddOnTPO.cs,; expected,CS1002,142,203,
NinjaAddOnTPO.cs,; expected,CS1002,142,207,
NinjaAddOnTPO.cs,; expected,CS1002,142,209,
NinjaAddOnTPO.cs,; expected,CS1002,142,212,
NinjaAddOnTPO.cs,Invalid expression term ')',CS1525,142,212,
NinjaAddOnTPO.cs,) expected,CS1026,142,248,
NinjaAddOnTPO.cs,; expected,CS1002,142,252,
NinjaAddOnTPO.cs,; expected,CS1002,142,255,
NinjaAddOnTPO.cs,Invalid expression term ')',CS1525,142,255,
NinjaAddOnTPO.cs,) expected,CS1026,143,32,
NinjaAddOnTPO.cs,; expected,CS1002,143,39,
NinjaAddOnTPO.cs,; expected,CS1002,143,43,
NinjaAddOnTPO.cs,; expected,CS1002,143,46,
NinjaAddOnTPO.cs,; expected,CS1002,143,50,
NinjaAddOnTPO.cs,; expected,CS1002,143,53,
NinjaAddOnTPO.cs,; expected,CS1002,143,56,
NinjaAddOnTPO.cs,Invalid expression term ')',CS1525,143,56,
NinjaAddOnTPO.cs,) expected,CS1026,143,104,
NinjaAddOnTPO.cs,; expected,CS1002,143,107,
NinjaAddOnTPO.cs,; expected,CS1002,143,110,
NinjaAddOnTPO.cs,Invalid expression term ')',CS1525,143,110,
NinjaAddOnTPO.cs,) expected,CS1026,143,158,
NinjaAddOnTPO.cs,; expected,CS1002,143,161,
NinjaAddOnTPO.cs,; expected,CS1002,143,164,
NinjaAddOnTPO.cs,Invalid expression term ')',CS1525,143,164,
NinjaAddOnTPO.cs,) expected,CS1026,143,212,
NinjaAddOnTPO.cs,; expected,CS1002,143,221,
NinjaAddOnTPO.cs,; expected,CS1002,143,224,
NinjaAddOnTPO.cs,Invalid expression term ')',CS1525,143,224,
NinjaAddOnTPO.cs,) expected,CS1026,144,31,
NinjaAddOnTPO.cs,; expected,CS1002,144,34,
NinjaAddOnTPO.cs,; expected,CS1002,144,38,
NinjaAddOnTPO.cs,Invalid expression term ')',CS1525,144,38,
NinjaAddOnTPO.cs,) expected,CS1026,145,126,
NinjaAddOnTPO.cs,; expected,CS1002,145,131,
NinjaAddOnTPO.cs,; expected,CS1002,145,134,
NinjaAddOnTPO.cs,Invalid expression term ')',CS1525,145,134,
NinjaAddOnTPO.cs,) expected,CS1026,145,191,
NinjaAddOnTPO.cs,; expected,CS1002,145,196,
NinjaAddOnTPO.cs,; expected,CS1002,145,199,
NinjaAddOnTPO.cs,Invalid expression term ')',CS1525,145,199,
NinjaAddOnTPO.cs,) expected,CS1026,146,33,
NinjaAddOnTPO.cs,; expected,CS1002,146,36,
NinjaAddOnTPO.cs,; expected,CS1002,146,40,
NinjaAddOnTPO.cs,Invalid expression term ')',CS1525,146,40,
NinjaAddOnTPO.cs,) expected,CS1026,147,126,
NinjaAddOnTPO.cs,; expected,CS1002,147,131,
NinjaAddOnTPO.cs,; expected,CS1002,147,134,
NinjaAddOnTPO.cs,Invalid expression term ')',CS1525,147,134,
NinjaAddOnTPO.cs,) expected,CS1026,147,191,
NinjaAddOnTPO.cs,; expected,CS1002,147,196,
NinjaAddOnTPO.cs,; expected,CS1002,147,199,
NinjaAddOnTPO.cs,Invalid expression term ')',CS1525,147,199,
NinjaAddOnTPO.cs,) expected,CS1026,148,33,
NinjaAddOnTPO.cs,; expected,CS1002,148,40,
NinjaAddOnTPO.cs,; expected,CS1002,148,44,
NinjaAddOnTPO.cs,Invalid expression term ')',CS1525,148,44,
NinjaAddOnTPO.cs,) expected,CS1026,149,134,
NinjaAddOnTPO.cs,; expected,CS1002,149,139,
NinjaAddOnTPO.cs,; expected,CS1002,149,142,
NinjaAddOnTPO.cs,Invalid expression term ')',CS1525,149,142,
NinjaAddOnTPO.cs,) expected,CS1026,149,203,
NinjaAddOnTPO.cs,; expected,CS1002,149,206,
NinjaAddOnTPO.cs,; expected,CS1002,149,209,
NinjaAddOnTPO.cs,Invalid expression term ')',CS1525,149,209,
NinjaAddOnTPO.cs,) expected,CS1026,150,33,
NinjaAddOnTPO.cs,; expected,CS1002,150,37,
NinjaAddOnTPO.cs,; expected,CS1002,150,41,
NinjaAddOnTPO.cs,; expected,CS1002,150,45,
NinjaAddOnTPO.cs,; expected,CS1002,150,48,
NinjaAddOnTPO.cs,Invalid expression term ')',CS1525,150,48,
NinjaAddOnTPO.cs,) expected,CS1026,150,104,
NinjaAddOnTPO.cs,; expected,CS1002,150,107,
NinjaAddOnTPO.cs,; expected,CS1002,150,110,
NinjaAddOnTPO.cs,Invalid expression term ')',CS1525,150,110,
NinjaAddOnTPO.cs,) expected,CS1026,151,32,
NinjaAddOnTPO.cs,; expected,CS1002,151,42,
NinjaAddOnTPO.cs,; expected,CS1002,151,46,
NinjaAddOnTPO.cs,; expected,CS1002,151,50,
NinjaAddOnTPO.cs,; expected,CS1002,151,53,
NinjaAddOnTPO.cs,Invalid expression term ')',CS1525,151,53,
NinjaAddOnTPO.cs,) expected,CS1026,151,101,
NinjaAddOnTPO.cs,; expected,CS1002,151,110,
NinjaAddOnTPO.cs,; expected,CS1002,151,116,
NinjaAddOnTPO.cs,Invalid expression term ')',CS1525,151,116,
NinjaAddOnTPO.cs,) expected,CS1026,152,32,
NinjaAddOnTPO.cs,; expected,CS1002,152,41,
NinjaAddOnTPO.cs,; expected,CS1002,152,45,
