NinjaScript File,Error,Code,Line,Column,
UiHostWindow.cs,Expected class delegate enum interface or struct,CS1518,89,13,
UiHostWindow.cs,Expected class delegate enum interface or struct,CS1518,94,25,
UiHostWindow.cs,Expected class delegate enum interface or struct,CS1518,95,27,
UiHostWindow.cs,Expected class delegate enum interface or struct,CS1518,96,25,
UiHostWindow.cs,Expected class delegate enum interface or struct,CS1518,102,30,
UiHostWindow.cs,Expected class delegate enum interface or struct,CS1518,104,30,
UiHostWindow.cs,A namespace cannot directly contain members such as fields or methods,CS0116,106,18,
UiHostWindow.cs,Type or namespace definition or end-of-file expected,CS1022,107,13,
