Time,Category,Message,
9/28/2025 9:25:50 PM,Default,There was a problem subscribing to tick data for YM ##-##: 'Symbol is inaccessible',
9/28/2025 9:25:50 PM,Default,There was a problem subscribing to market data for YM ##-##: 'Symbol is inaccessible',
9/28/2025 9:25:50 PM,Default,There was a problem subscribing to tick data for ES ##-##: 'Symbol is inaccessible',
9/28/2025 9:25:50 PM,Default,There was a problem subscribing to market data for ES ##-##: 'Symbol is inaccessible',
9/28/2025 9:25:50 PM,Default,There was a problem subscribing to tick data for NQ ##-##: 'Symbol is inaccessible',
9/28/2025 9:25:50 PM,Default,There was a problem subscribing to market data for NQ ##-##: 'Symbol is inaccessible',
9/28/2025 9:25:49 PM,NinjaScript,Global MainThreadDispatcher UnhandledException: System.Windows.Threading.Dispatcher. Exception:    at System.Windows.Threading.Dispatcher.VerifyAccess()    at System.Windows.DependencyObject.SetValue(DependencyProperty dp Object value)    at NinjaTrader.NinjaScript.AddOns.NinjaAddOnTPO.<>c__DisplayClass8.<UpdateHeader>b__7()    at System.Windows.Threading.ExceptionWrapper.InternalRealCall(Delegate callback Object args Int32 numArgs)    at System.Windows.Threading.ExceptionWrapper.TryCatchWhen(Object source Delegate callback Object args Int32 numArgs Delegate catchHandler),
9/28/2025 9:25:49 PM,Default,Unhandled exception: The calling thread cannot access this object because a different thread owns it.,
9/28/2025 9:25:03 PM,Default,There was a problem subscribing to tick data for NQ ##-##: 'Symbol is inaccessible',
9/28/2025 9:25:03 PM,Default,There was a problem subscribing to market data for NQ ##-##: 'Symbol is inaccessible',
9/28/2025 9:25:03 PM,Default,There was a problem subscribing to tick data for YM ##-##: 'Symbol is inaccessible',
9/28/2025 9:25:03 PM,Default,There was a problem subscribing to market data for YM ##-##: 'Symbol is inaccessible',
9/28/2025 9:25:03 PM,Default,There was a problem subscribing to tick data for ES ##-##: 'Symbol is inaccessible',
9/28/2025 9:25:03 PM,Default,There was a problem subscribing to market data for ES ##-##: 'Symbol is inaccessible',
9/28/2025 9:25:02 PM,NinjaScript,Global MainThreadDispatcher UnhandledException: System.Windows.Threading.Dispatcher. Exception:    at System.Windows.Threading.Dispatcher.VerifyAccess()    at System.Windows.DependencyObject.SetValue(DependencyProperty dp Object value)    at NinjaTrader.NinjaScript.AddOns.NinjaAddOnTPO.<>c__DisplayClass8.<UpdateHeader>b__7()    at System.Windows.Threading.ExceptionWrapper.InternalRealCall(Delegate callback Object args Int32 numArgs)    at System.Windows.Threading.ExceptionWrapper.TryCatchWhen(Object source Delegate callback Object args Int32 numArgs Delegate catchHandler),
9/28/2025 9:25:02 PM,Default,Unhandled exception: The calling thread cannot access this object because a different thread owns it.,
9/28/2025 9:24:56 PM,NinjaScript,Replikanto: Cleaning up Replikanto tab '030F0B8E'...,
9/28/2025 9:24:44 PM,NinjaScript,Global MainThreadDispatcher UnhandledException: System.Windows.Threading.Dispatcher. Exception:    at System.Windows.Threading.Dispatcher.VerifyAccess()    at System.Windows.DependencyObject.SetValue(DependencyProperty dp Object value)    at NinjaTrader.NinjaScript.AddOns.NinjaAddOnTPO.<>c__DisplayClass8.<UpdateHeader>b__7()    at System.Windows.Threading.ExceptionWrapper.InternalRealCall(Delegate callback Object args Int32 numArgs)    at System.Windows.Threading.ExceptionWrapper.TryCatchWhen(Object source Delegate callback Object args Int32 numArgs Delegate catchHandler),
9/28/2025 9:24:44 PM,Default,Unhandled exception: The calling thread cannot access this object because a different thread owns it.,
9/28/2025 9:24:19 PM,Default,There was a problem subscribing to market data for NQ ##-##: 'Symbol is inaccessible',
9/28/2025 9:24:19 PM,Default,There was a problem subscribing to tick data for ES ##-##: 'Symbol is inaccessible',
9/28/2025 9:24:19 PM,Default,There was a problem subscribing to market data for ES ##-##: 'Symbol is inaccessible',
9/28/2025 9:24:19 PM,Default,There was a problem subscribing to tick data for NQ ##-##: 'Symbol is inaccessible',
9/28/2025 9:24:19 PM,Default,There was a problem subscribing to tick data for YM ##-##: 'Symbol is inaccessible',
9/28/2025 9:24:19 PM,Default,There was a problem subscribing to market data for YM ##-##: 'Symbol is inaccessible',
9/28/2025 9:24:18 PM,NinjaScript,Global MainThreadDispatcher UnhandledException: System.Windows.Threading.Dispatcher. Exception:    at System.Windows.Threading.Dispatcher.VerifyAccess()    at System.Windows.DependencyObject.SetValue(DependencyProperty dp Object value)    at NinjaTrader.NinjaScript.AddOns.NinjaAddOnTPO.<>c__DisplayClass8.<UpdateHeader>b__7()    at System.Windows.Threading.ExceptionWrapper.InternalRealCall(Delegate callback Object args Int32 numArgs)    at System.Windows.Threading.ExceptionWrapper.TryCatchWhen(Object source Delegate callback Object args Int32 numArgs Delegate catchHandler),
9/28/2025 9:24:18 PM,Default,Unhandled exception: The calling thread cannot access this object because a different thread owns it.,
9/28/2025 9:06:47 PM,Connection,Using HDS (hds-us-nt-012.ninjatrader.com/31655),
9/28/2025 9:06:47 PM,Connection,Time to auto close position='12:00:00 AM' Enabled=False,
9/28/2025 9:06:47 PM,Connection,TakeProfit: Primary connection=Connected Price feed=Connected,
9/28/2025 9:06:46 PM,Connection,TakeProfit: Primary connection=Connecting Price feed=Connecting,
9/28/2025 9:06:44 PM,NinjaScript,Replikanto: Version (1.6.0.3) active on machine id 28F7612C8A0FE06E2DB23C885977DD3C-APEX52165,
9/28/2025 9:06:41 PM,NinjaScript,Replikanto: Windows opened: 1,
9/28/2025 9:06:41 PM,NinjaScript,Replikanto: Restoring follower account 'ELTDEN2509101614102' from tab '030F0B8E' status = Checked Ratio = 1 PreAllocation = 0 PctField = 0 Cross Order = False Use ATM = False Market Only = True,
9/28/2025 9:06:41 PM,NinjaScript,Replikanto: Restoring follower account 'ELTDEN2509121948545' from tab '030F0B8E' status = Checked Ratio = 1 PreAllocation = 0 PctField = 0 Cross Order = False Use ATM = False Market Only = True,
9/28/2025 9:06:41 PM,NinjaScript,Replikanto: Restoring follower account 'TAKEPROFIT7144847' from tab '030F0B8E' status = Checked Ratio = 1 PreAllocation = 0 PctField = 0 Cross Order = False Use ATM = False Market Only = True,
9/28/2025 9:06:41 PM,NinjaScript,Replikanto: Restoring follower account 'ELTDEN2509101613344' from tab '030F0B8E' status = Checked Ratio = 1 PreAllocation = 0 PctField = 0 Cross Order = False Use ATM = False Market Only = True,
9/28/2025 9:06:41 PM,NinjaScript,Replikanto: Restoring follower account 'ELTDEN2509101612489' from tab '030F0B8E' status = Checked Ratio = 1 PreAllocation = 0 PctField = 0 Cross Order = False Use ATM = False Market Only = True,
9/28/2025 9:06:41 PM,NinjaScript,Replikanto: Restoring follower account 'ELTDEN2509121948116' from tab '030F0B8E' status = Checked Ratio = 1 PreAllocation = 0 PctField = 0 Cross Order = False Use ATM = False Market Only = True,
9/28/2025 9:06:41 PM,NinjaScript,Replikanto: Disarm followers is set from tab '030F0B8E' workspace '',
9/28/2025 9:06:40 PM,NinjaScript,Replikanto: Restoring leader account 'ELTDEN2509121948116' from tab '030F0B8E',
9/28/2025 9:06:40 PM,NinjaScript,Replikanto: Leader instrument was set at the tab '030F0B8E' workspace ''. Old:  new: NQ 12-25,
9/28/2025 9:06:40 PM,NinjaScript,Replikanto: Restoring leader instrument 'NQ 12-25' from tab '030F0B8E',
9/28/2025 9:06:40 PM,NinjaScript,Replikanto: Restoring Replikanto tab from '0379B3D6' to '030F0B8E'...,
9/28/2025 9:06:40 PM,NinjaScript,Replikanto: Server Atm Strategy added strategy update event,
9/28/2025 9:06:40 PM,NinjaScript,Replikanto: Creating Replikanto tab '0379B3D6'...,
9/28/2025 9:06:40 PM,NinjaScript,Replikanto: Cleaning up Replikanto tab '00657DE6'...,
9/28/2025 9:06:39 PM,NinjaScript,Replikanto: Server Atm Strategy added strategy update event,
9/28/2025 9:06:39 PM,NinjaScript,Replikanto: Creating Replikanto tab '00657DE6'...,
9/28/2025 9:06:38 PM,Default,Restoring workspace 'FSP'...,
9/28/2025 9:06:38 PM,NinjaScript,Replikanto: Api Key "...7BUdR",
9/28/2025 9:06:37 PM,Order,Order entry hot keys disabled,
9/28/2025 9:06:37 PM,Default,Auto close enabled=False,
9/28/2025 9:06:37 PM,Connection,Using IS (is-us-nt-005.ninjatrader.com/31658),
9/28/2025 9:06:37 PM,Default,Automated trading disabled,
9/28/2025 9:06:37 PM,Default,Vendor assembly 'Replikanto' version='1.6.0.3' loaded.,
9/28/2025 9:06:36 PM,Default,Global simulation mode disabled,
9/28/2025 9:06:18 PM,Default,Session Break (Version 8.1.1.1),
9/28/2025 9:05:13 PM,Connection,TakeProfit: Primary connection=Disconnected Price feed=Disconnected,
9/28/2025 9:05:12 PM,Connection,TakeProfit: Primary connection=Disconnecting Price feed=Disconnecting,
9/28/2025 9:05:12 PM,NinjaScript,Replikanto: Cleaning up Replikanto tab '030F0B8E'...,
9/28/2025 9:05:12 PM,Default,Workspace FSP not saved,
9/28/2025 7:16:17 PM,Default,There was a problem subscribing to market data for ES ##-##: 'Symbol is inaccessible',
9/28/2025 7:16:17 PM,Default,There was a problem subscribing to tick data for YM ##-##: 'Symbol is inaccessible',
9/28/2025 7:16:17 PM,Default,There was a problem subscribing to tick data for ES ##-##: 'Symbol is inaccessible',
9/28/2025 7:16:17 PM,Default,There was a problem subscribing to tick data for NQ ##-##: 'Symbol is inaccessible',
9/28/2025 7:16:17 PM,Default,There was a problem subscribing to market data for NQ ##-##: 'Symbol is inaccessible',
9/28/2025 7:16:17 PM,Default,There was a problem subscribing to market data for YM ##-##: 'Symbol is inaccessible',
9/28/2025 7:16:15 PM,Default,Unhandled exception: The calling thread cannot access this object because a different thread owns it.,
9/28/2025 7:16:15 PM,NinjaScript,Global MainThreadDispatcher UnhandledException: System.Windows.Threading.Dispatcher. Exception:    at System.Windows.Threading.Dispatcher.VerifyAccess(),
9/28/2025 7:16:02 PM,Default,Unhandled exception: Object reference not set to an instance of an object.,
9/28/2025 7:16:02 PM,Default,Unhandled exception: The calling thread cannot access this object because a different thread owns it.,
9/28/2025 7:16:02 PM,NinjaScript,Global MainThreadDispatcher UnhandledException: System.Windows.Threading.Dispatcher. Exception:    at System.Windows.Threading.Dispatcher.VerifyAccess(),
9/28/2025 7:15:33 PM,Default,There was a problem subscribing to market data for YM ##-##: 'Symbol is inaccessible',
9/28/2025 7:15:33 PM,Default,There was a problem subscribing to tick data for ES ##-##: 'Symbol is inaccessible',
9/28/2025 7:15:33 PM,Default,There was a problem subscribing to market data for ES ##-##: 'Symbol is inaccessible',
9/28/2025 7:15:33 PM,Default,There was a problem subscribing to tick data for NQ ##-##: 'Symbol is inaccessible',
9/28/2025 7:15:33 PM,Default,There was a problem subscribing to market data for NQ ##-##: 'Symbol is inaccessible',
9/28/2025 7:15:33 PM,Default,There was a problem subscribing to tick data for YM ##-##: 'Symbol is inaccessible',
9/28/2025 7:15:32 PM,Default,Unhandled exception: The calling thread cannot access this object because a different thread owns it.,
9/28/2025 7:15:32 PM,NinjaScript,Global MainThreadDispatcher UnhandledException: System.Windows.Threading.Dispatcher. Exception:    at System.Windows.Threading.Dispatcher.VerifyAccess(),
9/28/2025 7:13:54 PM,Default,Unhandled exception: Object reference not set to an instance of an object.,
9/28/2025 7:13:54 PM,Default,Unhandled exception: The calling thread cannot access this object because a different thread owns it.,
9/28/2025 7:13:54 PM,NinjaScript,Global MainThreadDispatcher UnhandledException: System.Windows.Threading.Dispatcher. Exception:    at System.Windows.Threading.Dispatcher.VerifyAccess(),
9/28/2025 7:13:03 PM,Default,There was a problem subscribing to market data for NQ ##-##: 'Symbol is inaccessible',
9/28/2025 7:13:03 PM,Default,There was a problem subscribing to tick data for ES ##-##: 'Symbol is inaccessible',
9/28/2025 7:13:03 PM,Default,There was a problem subscribing to tick data for NQ ##-##: 'Symbol is inaccessible',
9/28/2025 7:13:03 PM,Default,There was a problem subscribing to tick data for YM ##-##: 'Symbol is inaccessible',
9/28/2025 7:13:03 PM,Default,There was a problem subscribing to market data for YM ##-##: 'Symbol is inaccessible',
9/28/2025 7:13:03 PM,Default,There was a problem subscribing to market data for ES ##-##: 'Symbol is inaccessible',
9/28/2025 7:13:02 PM,NinjaScript,Global MainThreadDispatcher UnhandledException: System.Windows.Threading.Dispatcher. Exception:    at System.Windows.Threading.Dispatcher.VerifyAccess(),
9/28/2025 7:13:02 PM,Default,Unhandled exception: The calling thread cannot access this object because a different thread owns it.,
9/28/2025 7:12:57 PM,Connection,Using HDS (hds-us-nt-015.ninjatrader.com/31655),
9/28/2025 7:12:57 PM,Connection,Time to auto close position='12:00:00 AM' Enabled=False,
9/28/2025 7:12:57 PM,Connection,TakeProfit: Primary connection=Connected Price feed=Connected,
9/28/2025 7:12:56 PM,Connection,TakeProfit: Primary connection=Connecting Price feed=Connecting,
9/28/2025 7:12:46 PM,NinjaScript,Replikanto: Version (1.6.0.3) active on machine id 28F7612C8A0FE06E2DB23C885977DD3C-APEX52165,
9/28/2025 7:12:41 PM,NinjaScript,Replikanto: Windows opened: 1,
9/28/2025 7:12:40 PM,NinjaScript,Replikanto: Restoring follower account 'ELTDEN2509101614102' from tab '030F0B8E' status = Checked Ratio = 1 PreAllocation = 0 PctField = 0 Cross Order = False Use ATM = False Market Only = True,
9/28/2025 7:12:40 PM,NinjaScript,Replikanto: Restoring follower account 'ELTDEN2509121948545' from tab '030F0B8E' status = Checked Ratio = 1 PreAllocation = 0 PctField = 0 Cross Order = False Use ATM = False Market Only = True,
9/28/2025 7:12:40 PM,NinjaScript,Replikanto: Restoring follower account 'TAKEPROFIT7144847' from tab '030F0B8E' status = Checked Ratio = 1 PreAllocation = 0 PctField = 0 Cross Order = False Use ATM = False Market Only = True,
9/28/2025 7:12:40 PM,NinjaScript,Replikanto: Restoring follower account 'ELTDEN2509101613344' from tab '030F0B8E' status = Checked Ratio = 1 PreAllocation = 0 PctField = 0 Cross Order = False Use ATM = False Market Only = True,
9/28/2025 7:12:40 PM,NinjaScript,Replikanto: Restoring follower account 'ELTDEN2509101612489' from tab '030F0B8E' status = Checked Ratio = 1 PreAllocation = 0 PctField = 0 Cross Order = False Use ATM = False Market Only = True,
9/28/2025 7:12:40 PM,NinjaScript,Replikanto: Restoring follower account 'ELTDEN2509121948116' from tab '030F0B8E' status = Checked Ratio = 1 PreAllocation = 0 PctField = 0 Cross Order = False Use ATM = False Market Only = True,
9/28/2025 7:12:40 PM,NinjaScript,Replikanto: Disarm followers is set from tab '030F0B8E' workspace '',
9/28/2025 7:12:40 PM,NinjaScript,Replikanto: Restoring leader account 'ELTDEN2509121948116' from tab '030F0B8E',
9/28/2025 7:12:40 PM,NinjaScript,Replikanto: Leader instrument was set at the tab '030F0B8E' workspace ''. Old:  new: NQ 12-25,
9/28/2025 7:12:40 PM,NinjaScript,Replikanto: Restoring leader instrument 'NQ 12-25' from tab '030F0B8E',
9/28/2025 7:12:40 PM,NinjaScript,Replikanto: Restoring Replikanto tab from '01B53794' to '030F0B8E'...,
9/28/2025 7:12:40 PM,NinjaScript,Replikanto: Server Atm Strategy added strategy update event,
9/28/2025 7:12:40 PM,NinjaScript,Replikanto: Creating Replikanto tab '01B53794'...,
9/28/2025 7:12:40 PM,NinjaScript,Replikanto: Cleaning up Replikanto tab '03A00041'...,
9/28/2025 7:12:38 PM,NinjaScript,Replikanto: Server Atm Strategy added strategy update event,
9/28/2025 7:12:38 PM,NinjaScript,Replikanto: Creating Replikanto tab '03A00041'...,
9/28/2025 7:12:38 PM,Default,Restoring workspace 'FSP'...,
9/28/2025 7:12:37 PM,NinjaScript,Replikanto: Api Key "...7BUdR",
9/28/2025 7:12:37 PM,Default,Auto close enabled=False,
9/28/2025 7:12:37 PM,Order,Order entry hot keys disabled,
9/28/2025 7:12:37 PM,Connection,Using IS (is-us-nt-005.ninjatrader.com/31658),
9/28/2025 7:12:37 PM,Default,Automated trading disabled,
9/28/2025 7:12:35 PM,Default,Vendor assembly 'Replikanto' version='1.6.0.3' loaded.,
9/28/2025 7:12:34 PM,Default,Global simulation mode disabled,
9/28/2025 7:12:14 PM,Default,Session Break (Version 8.1.1.1),
9/28/2025 7:12:08 PM,Connection,Tradeify: Primary connection=Disconnected Price feed=Disconnected,
9/28/2025 7:12:07 PM,Connection,Tradeify: Primary connection=Disconnecting Price feed=Disconnecting,
9/28/2025 7:12:07 PM,Default,Workspace FSP not saved,
9/28/2025 7:11:42 PM,Default,There was a problem subscribing to tick data for YM ##-##: 'Symbol is inaccessible',
9/28/2025 7:11:42 PM,Default,There was a problem subscribing to market data for YM ##-##: 'Symbol is inaccessible',
9/28/2025 7:11:40 PM,Default,There was a problem subscribing to tick data for NQ ##-##: 'Symbol is inaccessible',
9/28/2025 7:11:40 PM,Default,There was a problem subscribing to market data for NQ ##-##: 'Symbol is inaccessible',
9/28/2025 7:11:40 PM,Default,There was a problem subscribing to tick data for ES ##-##: 'Symbol is inaccessible',
9/28/2025 7:11:40 PM,Default,There was a problem subscribing to market data for ES ##-##: 'Symbol is inaccessible',
9/28/2025 7:11:34 PM,Default,Unhandled exception: The calling thread cannot access this object because a different thread owns it.,
9/28/2025 7:11:34 PM,NinjaScript,Global MainThreadDispatcher UnhandledException: System.Windows.Threading.Dispatcher. Exception:    at System.Windows.Threading.Dispatcher.VerifyAccess(),
9/28/2025 7:11:20 PM,Default,Unhandled exception: Object reference not set to an instance of an object.,
9/28/2025 7:11:20 PM,Default,Unhandled exception: The calling thread cannot access this object because a different thread owns it.,
9/28/2025 7:11:20 PM,NinjaScript,Global MainThreadDispatcher UnhandledException: System.Windows.Threading.Dispatcher. Exception:    at System.Windows.Threading.Dispatcher.VerifyAccess(),
9/28/2025 7:11:06 PM,Default,There was a problem subscribing to market data for NQ ##-##: 'Symbol is inaccessible',
9/28/2025 7:11:06 PM,Default,There was a problem subscribing to tick data for ES ##-##: 'Symbol is inaccessible',
9/28/2025 7:11:06 PM,Default,There was a problem subscribing to tick data for NQ ##-##: 'Symbol is inaccessible',
9/28/2025 7:11:06 PM,Default,There was a problem subscribing to tick data for YM ##-##: 'Symbol is inaccessible',
9/28/2025 7:11:06 PM,Default,There was a problem subscribing to market data for YM ##-##: 'Symbol is inaccessible',
9/28/2025 7:11:06 PM,Default,There was a problem subscribing to market data for ES ##-##: 'Symbol is inaccessible',
9/28/2025 7:11:06 PM,Connection,Time to auto close position='12:00:00 AM' Enabled=False,
9/28/2025 7:11:06 PM,Connection,Using HDS (hds-us-nt-009.ninjatrader.com/31655),
9/28/2025 7:11:06 PM,Connection,Tradeify: Primary connection=Connected Price feed=Connected,
9/28/2025 7:11:05 PM,Connection,Tradeify: Primary connection=Connecting Price feed=Connecting,
9/28/2025 7:10:57 PM,NinjaScript,Global MainThreadDispatcher UnhandledException: System.Windows.Threading.Dispatcher. Exception:    at System.Windows.Threading.Dispatcher.VerifyAccess(),
9/28/2025 7:10:57 PM,Default,Unhandled exception: The calling thread cannot access this object because a different thread owns it.,
9/28/2025 7:10:55 PM,Connection,Tradeify: Primary connection=Disconnected Price feed=Disconnected,
9/28/2025 7:10:54 PM,Connection,Tradeify: Primary connection=Disconnecting Price feed=Disconnecting,
9/28/2025 7:10:53 PM,Connection,TakeProfit: Primary connection=Disconnected Price feed=Disconnected,
9/28/2025 7:10:52 PM,Connection,TakeProfit: Primary connection=Disconnecting Price feed=Disconnecting,
9/28/2025 6:39:50 PM,Connection,Connection restored to the NinjaTrader Historical Data Server: hds-us-nt-017.ninjatrader.com,
9/28/2025 6:39:50 PM,Connection,Using HDS (hds-us-nt-017.ninjatrader.com/31655),
9/28/2025 6:39:50 PM,Connection,Connection restored to the NinjaTrader Historical Data Server: hds-us-nt-017.ninjatrader.com,
9/28/2025 6:39:49 PM,Connection,Using HDS (hds-us-nt-017.ninjatrader.com/31655),
9/28/2025 6:39:40 PM,Connection,Connection lost to the NinjaTrader Historical Data Server: hds-us-nt-008.ninjatrader.com,
9/28/2025 6:39:39 PM,Connection,Connection lost to the NinjaTrader Historical Data Server: hds-us-nt-008.ninjatrader.com,
9/28/2025 6:39:34 PM,Connection,Tradeify: Primary connection=Connected Price feed=Connected,
9/28/2025 6:39:33 PM,Connection,Tradeify: Primary connection=Connection lost Price feed=Connected,
9/28/2025 6:39:21 PM,Connection,TakeProfit: Primary connection=Connected Price feed=Connected,
9/28/2025 6:39:20 PM,Connection,TakeProfit: Primary connection=Connected Price feed=Connection lost,
9/28/2025 6:39:18 PM,Connection,TakeProfit: Primary connection=Connected Price feed=Connected,
9/28/2025 6:39:18 PM,System,NinjaTrader has detected your system has recovered from a suspended state,
9/28/2025 6:39:17 PM,Connection,TakeProfit: Primary connection=Connection lost Price feed=Connected,
9/28/2025 6:39:12 PM,Default,Unable to load server side config file: The remote name could not be resolved: 'license2.ninjatrader.com',
9/28/2025 5:30:17 PM,System,NinjaTrader has detected your system is entering a suspended state,
9/28/2025 4:37:22 PM,Connection,Connection restored to the NinjaTrader Historical Data Server: hds-us-nt-008.ninjatrader.com,
9/28/2025 4:37:21 PM,Connection,Using HDS (hds-us-nt-008.ninjatrader.com/31655),
9/28/2025 4:37:19 PM,Connection,Connection restored to the NinjaTrader Historical Data Server: hds-us-nt-008.ninjatrader.com,
9/28/2025 4:37:19 PM,Connection,Using HDS (hds-us-nt-008.ninjatrader.com/31655),
9/28/2025 4:37:11 PM,Connection,Connection lost to the NinjaTrader Historical Data Server: hds-us-nt-011.ninjatrader.com,
9/28/2025 4:37:11 PM,Connection,TakeProfit: Primary connection=Connected Price feed=Connected,
9/28/2025 4:37:10 PM,Connection,TakeProfit: Primary connection=Connected Price feed=Connection lost,
9/28/2025 4:37:09 PM,Connection,Connection lost to the NinjaTrader Historical Data Server: hds-us-nt-011.ninjatrader.com,
9/28/2025 4:36:59 PM,Connection,Tradeify: Primary connection=Connected Price feed=Connected,
9/28/2025 4:36:59 PM,Connection,TakeProfit: Primary connection=Connected Price feed=Connected,
9/28/2025 4:36:58 PM,Connection,TakeProfit: Primary connection=Connection lost Price feed=Connected,
9/28/2025 4:36:58 PM,Connection,Tradeify: Primary connection=Connection lost Price feed=Connected,
9/28/2025 4:36:51 PM,System,NinjaTrader has detected your system has recovered from a suspended state,
9/28/2025 4:36:45 PM,Default,Unable to load server side config file: The remote name could not be resolved: 'license2.ninjatrader.com',
9/28/2025 3:29:53 PM,System,NinjaTrader has detected your system is entering a suspended state,
9/28/2025 1:57:27 PM,Connection,Connection restored to the NinjaTrader Historical Data Server: hds-us-nt-011.ninjatrader.com,
9/28/2025 1:57:27 PM,Connection,Connection restored to the NinjaTrader Historical Data Server: hds-us-nt-011.ninjatrader.com,
9/28/2025 1:56:25 PM,Connection,Using HDS (hds-us-nt-018.ninjatrader.com/31655),
9/28/2025 1:56:25 PM,Connection,Using HDS (hds-us-nt-018.ninjatrader.com/31655),
9/28/2025 1:56:15 PM,Connection,Connection lost to the NinjaTrader Historical Data Server: hds-us-nt-020.ninjatrader.com,
9/28/2025 1:56:15 PM,Connection,Connection lost to the NinjaTrader Historical Data Server: hds-us-nt-020.ninjatrader.com,
9/28/2025 11:59:01 AM,Connection,TakeProfit: Primary connection=Connected Price feed=Connected,
9/28/2025 11:59:00 AM,Connection,Tradeify: Primary connection=Connected Price feed=Connected,
9/28/2025 11:59:00 AM,Connection,Connection restored to the NinjaTrader Historical Data Server: hds-us-nt-020.ninjatrader.com,
9/28/2025 11:59:00 AM,Connection,Connection restored to the NinjaTrader Historical Data Server: hds-us-nt-020.ninjatrader.com,
9/28/2025 11:59:00 AM,Connection,Using HDS (hds-us-nt-020.ninjatrader.com/31655),
9/28/2025 11:59:00 AM,Connection,Using HDS (hds-us-nt-020.ninjatrader.com/31655),
9/28/2025 11:58:57 AM,Connection,Connection restored to the NinjaTrader Information Server: is-us-nt-005.ninjatrader.com,
9/28/2025 11:58:57 AM,Connection,Using HDS (is-us-nt-005.ninjatrader.com/31658),
9/28/2025 11:58:55 AM,System,NinjaTrader has detected your system has recovered from a suspended state,
9/28/2025 11:58:50 AM,Connection,Connection lost to the NinjaTrader Historical Data Server: hds-us-nt-011.ninjatrader.com,
9/28/2025 11:58:50 AM,Connection,Connection lost to the NinjaTrader Historical Data Server: hds-us-nt-015.ninjatrader.com,
9/28/2025 11:58:50 AM,Connection,TakeProfit: Primary connection=Connection lost Price feed=Connection lost,
9/28/2025 11:58:50 AM,Connection,Tradeify: Primary connection=Connection lost Price feed=Connected,
9/28/2025 11:58:50 AM,Connection,TakeProfit: Primary connection=Connected Price feed=Connection lost,
9/28/2025 11:58:48 AM,Default,Unable to load server side config file: The remote name could not be resolved: 'license2.ninjatrader.com',
9/28/2025 11:58:47 AM,Connection,Connection lost to the NinjaTrader Information Server: is-us-nt-006.ninjatrader.com,
